Category,Name,Nodes,Tokens,Lost tokens,Length,Tide,Essence,Ds(L∻T),Ds(L∻E),Ds(T∻E),D(L∻T),D(L∻E),D(T/E),R(T/L),R(E/L),R(E/T),Tokens after,Tokens saved,Tb∻Ta
class,NotImplementedExceptionTest,202,259,0,1683,1393,1320,19%,24%,5.4%,0.18855656697009102,0.24175824175824176,0.0538149649834132,0.827688651218063,0.7843137254901961,0.9475951184493898,259,0,0%
class,ExtendedMessageFormatTest,1964,2383,0,20204,13264,11535,41%,55%,14%,0.41472451296761087,0.5462679983616371,0.13944110649622968,0.6565036626410612,0.5709265491981785,0.8696471652593486,2354,29,1.2%
class,StrBuilderTest,10451,14658,0,70468,48911,48842,36%,36%,0.1%,0.3611522964675529,0.36251781074511774,0.0014117213793950058,0.6940880967247545,0.693108928875518,0.9985892743963526,14663,-5,--0.03%
class,FormattableUtilsTest,1135,1881,0,7146,6090,6049,16%,17%,0.7%,0.15956482320942883,0.1662751042061387,0.006755086909959634,0.852225020990764,0.8464875454799888,0.9932676518883415,1881,0,0%
class,WordUtilsTest,2323,3416,40,19831,15347,14894,25%,28%,3.0%,0.2549320598101086,0.2843484521238301,0.02995932674184055,0.7738893651353941,0.7510463415864052,0.9704828305206229,3416,0,0%
class,StrSubstitutorTest,2742,3552,0,26032,19173,17683,30%,38%,8.1%,0.30346200641521953,0.38197415074917074,0.08085522031690905,0.7365165949600492,0.679279348494161,0.9222865487925729,3533,19,0.5%
class,OctalUnescaperTest,236,296,0,2300,1821,1738,23%,28%,4.7%,0.23246784760980344,0.27835562159484895,0.04664231525709469,0.7917391304347826,0.7556521739130435,0.9544206479956068,296,0,0%
class,UnicodeUnpairedSurrogateRemoverTest,90,121,0,837,675,575,21%,37%,16%,0.21428571428571427,0.37110481586402266,0.16,0.8064516129032258,0.6869772998805257,0.8518518518518519,121,0,0%
class,EntityArraysTest,275,348,0,1608,1095,1014,38%,45%,7.7%,0.3795782463928968,0.45308924485125857,0.07681365576102418,0.6809701492537313,0.6305970149253731,0.9260273972602739,348,0,0%
class,NumericEntityUnescaperTest,211,251,0,2143,1676,1585,24%,30%,5.6%,0.24456664048180152,0.29935622317596566,0.05581110088929776,0.7820811945870275,0.7396173588427438,0.9457040572792362,251,0,0%
class,UnicodeEscaperTest,125,142,0,1064,870,787,20%,30%,10%,0.20062047569803515,0.2992976769313884,0.10018105009052504,0.8176691729323309,0.7396616541353384,0.9045977011494253,142,0,0%
class,UnicodeUnescaperTest,116,131,0,1111,843,760,27%,38%,10%,0.2743091095189355,0.37520042757883487,0.10355583281347473,0.7587758775877588,0.684068406840684,0.9015421115065243,131,0,0%
class,NumericEntityEscaperTest,171,191,0,1490,1202,1113,21%,29%,7.7%,0.2139673105497771,0.2896657702650788,0.07688984881209503,0.8067114093959732,0.7469798657718121,0.9259567387687188,191,0,0%
class,LookupTranslatorTest,137,173,0,1070,838,753,24%,35%,11%,0.2431865828092243,0.3477783872737246,0.10685103708359522,0.7831775700934579,0.7037383177570093,0.8985680190930787,173,0,0%
class,CompositeFormatTest,260,288,0,2163,1629,1484,28%,37%,9.3%,0.28164556962025317,0.3723608445297505,0.09315772566655958,0.753120665742025,0.686084142394822,0.910988336402701,286,2,0.7%
class,StrBuilderAppendInsertTest,6838,9371,0,52009,33387,33233,44%,44%,0.5%,0.43613283994566493,0.44053400905656837,0.00462323626538577,0.6419465861677787,0.6389855601915053,0.9953874262437475,9358,13,0.1%
class,StrTokenizerTest,4361,5850,0,30061,21556,21395,33%,34%,0.7%,0.3295425925567158,0.33683146766169153,0.007496915089287793,0.7170752802634643,0.7117195036758591,0.9925310818333642,5836,14,0.2%
class,StrLookupTest,397,534,0,3279,2517,2207,26%,39%,13%,0.2629399585921325,0.3908129784907036,0.13124470787468248,0.7676120768526989,0.6730710582494663,0.8768375049662296,534,0,0%
class,StrMatcherTest,1105,1600,0,8561,5860,5791,37%,39%,1.2%,0.374592608002219,0.38600891861761427,0.011844476868938289,0.6844994743604719,0.6764396682630534,0.9882252559726963,1600,0,0%
class,ClassPathUtilsTest,400,498,0,3446,2920,2915,17%,17%,0.2%,0.16525290606346213,0.16695488130797045,0.001713796058269066,0.8473592571096924,0.8459082994776552,0.9982876712328768,498,0,0%
class,FractionTest,6900,9406,0,45643,30313,30268,40%,41%,0.1%,0.40365474748538627,0.4050796327277997,0.001485614301513676,0.6641325066275223,0.6631465942203624,0.998515488404315,9277,129,1.4%
class,NumberUtilsTest,9134,12392,0,70752,54187,53187,27%,28%,1.9%,0.26516940266850225,0.2834458887033137,0.01862648313371952,0.765872342831298,0.7517384667571235,0.9815453891154705,12189,203,1.7%
class,IEEE754rUtilsTest,459,616,0,3254,2418,2350,29%,32%,2.9%,0.2947813822284908,0.32262669521770165,0.028523489932885907,0.7430854333128457,0.7221880762138906,0.9718775847808105,616,0,0%
class,BitFieldTest,1425,2032,0,8949,6791,6294,27%,35%,7.6%,0.2742058449809403,0.3483566227120646,0.07596484524264425,0.7588557380712929,0.7033188065705666,0.9268149020762775,2028,4,0.2%
class,StringUtilsTrimStripTest,1370,1934,0,11062,8454,8375,27%,28%,0.9%,0.26726788276286123,0.27648299634717294,0.00938855546972488,0.7642379316579281,0.7570963659374434,0.9906553110953394,1934,0,0%
class,StringUtilsEmptyBlankTest,500,697,0,3576,2900,2820,21%,24%,2.8%,0.20877084620135886,0.23639774859287055,0.027972027972027972,0.8109619686800895,0.7885906040268457,0.9724137931034482,697,0,0%
class,SystemDefaultsSwitchTest,227,285,0,1949,1525,1525,24%,24%,0%,0.24409902130109384,0.24409902130109384,0.0,0.7824525397639815,0.7824525397639815,1.0,261,24,8.8%
@interface,SystemDefaults,26,31,0,479,415,150,14%,105%,94%,0.14317673378076062,1.0461049284578696,0.9380530973451328,0.8663883089770354,0.31315240083507306,0.3614457831325301,31,0,0%
class,SystemDefaultsSwitch,198,252,0,2817,1946,1061,37%,91%,59%,0.3657358807474281,0.9056214543579164,0.5886265380778184,0.6908058217962372,0.3766418175363862,0.5452209660842754,243,9,3.6%
class,NotVisibleExceptionFactory,71,75,0,839,698,432,18%,64%,47%,0.18347430058555628,0.6404405979543666,0.47079646017699117,0.831942789034565,0.5148986889153755,0.6189111747851003,75,0,0%
class,AnnotationUtilsTest,2024,2773,0,17467,9904,9899,55%,55%,0.05%,0.5526286946037777,0.5530950814879778,5.049739938393173E-4,0.5670120799221389,0.5667258258430182,0.9994951534733441,2757,16,0.6%
class,ToStringBuilderTest,6016,7993,0,47072,37105,34561,24%,31%,7.1%,0.23681053019233284,0.3065181972976615,0.07099600926520247,0.7882605370496261,0.7342156696125085,0.9314378116156852,7960,33,0.4%
class,NoClassNameToStringStyleTest,776,1088,0,4862,4067,4009,18%,19%,1.4%,0.17807145257027662,0.19231202795626198,0.014363546310054482,0.8364870423693953,0.8245577951460304,0.9857388738627981,1088,0,0%
class,ReflectionToStringBuilderExcludeTest,526,622,0,4108,3439,3434,18%,18%,0.1%,0.17728898900225254,0.17873243171572528,0.0014549687181725592,0.8371470301850049,0.8359298928919182,0.9985460889793545,622,0,0%
class,SimpleToStringStyleTest,776,1088,0,4721,3906,3825,19%,21%,2.1%,0.18894169467949462,0.20968874327170606,0.020954598370197905,0.8273670832450752,0.810209701334463,0.9792626728110599,1088,0,0%
class,ReflectionToStringBuilderConcurrencyTest,391,448,0,3332,2377,1848,33%,57%,25%,0.33455946750744436,0.572972972972973,0.25041420118343194,0.7133853541416567,0.5546218487394958,0.777450567942785,442,6,1.3%
class,ReflectionToStringBuilderExcludeWithAnnotationTest,114,128,0,1070,909,862,16%,22%,5.3%,0.16270843860535625,0.2153209109730849,0.05307735742518351,0.8495327102803738,0.805607476635514,0.9482948294829483,128,0,0%
class,NoFieldNamesToStringStyleTest,885,1213,0,5427,4518,4431,18%,20%,1.9%,0.18280542986425338,0.202069385270846,0.019443513241702983,0.8325041459369817,0.8164731896075179,0.9807436918990704,1213,0,0%
class,CompareToBuilderTest,9425,12404,-6,50768,38988,38301,26%,28%,1.8%,0.26248941574936496,0.2799402710258339,0.01777743275239685,0.7679640718562875,0.7544319256224393,0.9823791935980302,12073,331,2.7%
class,HashCodeBuilderAndEqualsBuilderTest,477,582,0,4008,2948,2512,30%,46%,16%,0.30477285796434733,0.4588957055214724,0.1597069597069597,0.7355289421157685,0.626746506986028,0.8521031207598372,583,-1,--0.2%
class,ReflectionToStringBuilderTest,26,35,0,249,218,218,13%,13%,0%,0.13276231263383298,0.13276231263383298,0.0,0.8755020080321285,0.8755020080321285,1.0,35,0,0%
class,ToStringStyleConcurrencyTest,354,398,0,3019,2200,1672,31%,57%,27%,0.3138532285878521,0.574291195907056,0.2727272727272727,0.7287181185823121,0.5538257701225572,0.76,392,6,1.5%
class,HashCodeBuilderTest,4065,5308,-20,23390,16567,16353,34%,35%,1.3%,0.34151713091573443,0.35412525476184487,0.013001215066828676,0.7082941427960667,0.6991449337323643,0.9870827548741474,4719,589,12%
class,MultiLineToStringStyleTest,1197,1675,0,8152,6883,6799,17%,18%,1.2%,0.16880611905553708,0.18099123804427797,0.01227890659260342,0.844332679097154,0.8340284592737979,0.9877960191776841,1675,0,0%
class,ReflectionToStringBuilderMutateInspectConcurrencyTest,285,346,0,2593,1869,1404,32%,59%,28%,0.3245181532944868,0.594946209657243,0.2841429880843263,0.720786733513305,0.5414577709217123,0.7512038523274478,338,8,2.3%
class,RecursiveToStringStyleTest,946,1269,0,6120,4916,4710,22%,26%,4.3%,0.21819499818774918,0.26038781163434904,0.04280074797423644,0.8032679738562092,0.7696078431372549,0.9580960130187144,1269,0,0%
class,DiffResultTest,568,722,0,4390,3402,3367,25%,26%,1.0%,0.2535934291581109,0.2637617635683898,0.010341261633919338,0.7749430523917995,0.7669703872437358,0.9897119341563786,722,0,0%
class,JsonToStringStyleTest,1415,1910,0,11947,8268,8050,36%,39%,2.7%,0.3639871382636656,0.3897584637695654,0.026718960656943253,0.6920565832426551,0.673809324516615,0.9736332849540397,1896,14,0.7%
class,DiffTest,153,189,0,1235,900,871,31%,35%,3.3%,0.31381733021077285,0.345679012345679,0.03274985883681536,0.728744939271255,0.7052631578947368,0.9677777777777777,189,0,0%
class,EqualsBuilderTest,7369,9666,0,43597,31895,30956,31%,34%,3.0%,0.3100196047263286,0.3391144554880421,0.029880192837027256,0.731587035805216,0.7100488565727,0.9705596488477818,9494,172,1.8%
class,DefaultToStringStyleTest,885,1213,0,5460,4551,4469,18%,20%,1.8%,0.18160023973629008,0.19961728270722126,0.01818181818181818,0.8335164835164836,0.8184981684981685,0.9819819819819819,1213,0,0%
class,StandardToStringStyleTest,921,1251,0,5832,4794,4723,20%,21%,1.5%,0.19536984754376058,0.21013737565135007,0.014920668277818641,0.8220164609053497,0.8098422496570644,0.9851898206090947,1251,0,0%
class,DiffBuilderTest,3055,3800,0,20249,15187,14930,29%,30%,1.7%,0.2856981600632125,0.3023963159839677,0.01706677291894943,0.7500123462887056,0.7373203614993333,0.9830776321854218,3800,0,0%
class,ToStringStyleTest,374,455,0,3157,2337,2179,30%,37%,7.0%,0.29850746268656714,0.36656671664167917,0.06997342781222321,0.7402597402597403,0.6902122267975926,0.9323919554985024,455,0,0%
class,ShortPrefixToStringStyleTest,859,1169,0,5364,4459,4369,18%,20%,2.0%,0.18426142726254707,0.2044590568170143,0.020389669234254643,0.831282624906786,0.8145041014168531,0.9798161022650819,1169,0,0%
class,MultilineRecursiveToStringStyleTest,880,1138,0,7906,4427,4422,56%,57%,0.1%,0.5641774102002757,0.5652173913043478,0.0011300711944852526,0.559954464963319,0.559322033898305,0.9988705669753783,1104,34,3.0%
class,ArrayUtilsAddTest,5125,7099,0,28843,21665,21630,28%,29%,0.2%,0.284232200839471,0.2858161789471599,0.0016168148746968471,0.7511354574766841,0.7499219914710675,0.9983844911147012,7077,22,0.3%
class,SystemUtilsTest,2506,3403,0,21436,17043,16783,23%,24%,1.5%,0.228332337118948,0.24349145712865328,0.015372790161414296,0.7950643776824035,0.7829352491136407,0.984744469870328,3396,7,0.2%
class,ObjectUtilsTest,3060,4051,0,27738,18949,17878,38%,43%,5.8%,0.37650737892775293,0.4323044545773413,0.05816384717734271,0.6831422597159131,0.6445309683466725,0.9434798670114518,4049,2,0.05%
class,RangeTest,1804,2486,0,13001,9505,9424,31%,32%,0.9%,0.31067270949968895,0.3190189520624303,0.008558296793280152,0.7310976078763172,0.7248673178986231,0.9914781693845345,2472,14,0.6%
class,TripleTest,795,964,0,4425,3585,3557,21%,22%,0.8%,0.20973782771535582,0.21748935103983963,0.00784094091290955,0.8101694915254237,0.8038418079096045,0.992189679218968,965,-1,--0.1%
class,MutablePairTest,509,672,0,3140,2546,2513,21%,22%,1.3%,0.20893422441083362,0.22182911728285865,0.013046056532911642,0.810828025477707,0.8003184713375796,0.9870384917517675,672,0,0%
class,MutableTripleTest,675,917,0,4318,3574,3539,19%,20%,1.0%,0.188545362392296,0.1982945144457172,0.009841135948263743,0.8276980083371931,0.8195924038906901,0.9902070509233352,917,0,0%
class,ImmutablePairTest,471,629,0,2968,2419,2393,20%,21%,1.1%,0.20382402079079265,0.2145122178698004,0.010806317539484621,0.8150269541778976,0.806266846361186,0.9892517569243489,629,0,0%
class,ImmutableTripleTest,633,859,0,4074,3381,3353,19%,19%,0.8%,0.18591549295774648,0.1941564561734213,0.008316008316008316,0.8298969072164949,0.8230240549828178,0.9917184265010351,861,-2,--0.2%
class,PairTest,633,770,0,3420,2706,2680,23%,24%,1.0%,0.23310479921645447,0.24262295081967214,0.009654660230226514,0.7912280701754386,0.783625730994152,0.9903917220990391,770,0,0%
class,ValidateTest,6957,9251,0,63599,41963,41905,41%,41%,0.1%,0.40992023644872205,0.4112450712769184,0.0013831258644536654,0.6598059717920093,0.6588940077674177,0.9986178299930891,9251,0,0%
class,CharRangeTest,2129,2884,0,13842,10284,10225,29%,30%,0.6%,0.29495150460084557,0.3005775543275024,0.005753571602711005,0.7429562201993931,0.7386938303713336,0.9942629327110074,2884,0,0%
class,RandomStringUtilsTest,2690,3614,0,21213,15290,14059,32%,41%,8.4%,0.32452127222420074,0.405647539124518,0.08388701488977478,0.7207844246452647,0.6627539716211757,0.9194898626553303,3540,74,2.1%
class,CharSetUtilsTest,1880,2558,0,11546,8970,8908,25%,26%,0.7%,0.25112107623318386,0.25794465630194585,0.0069358988701197005,0.7768924302788844,0.7715226052312489,0.993088071348941,2558,0,0%
class,StringUtilsIsTest,848,1193,0,7219,6066,5994,17%,19%,1.2%,0.17357922468949943,0.1854234466056157,0.011940298507462687,0.8402825876160133,0.830308907050838,0.9881305637982196,1193,0,0%
class,LazyInitializerTest,64,67,0,1096,881,435,22%,86%,68%,0.2175012645422357,0.8634879163945134,0.6778115501519757,0.8038321167883211,0.3968978102189781,0.49375709421112374,67,0,0%
class,ThresholdCircuitBreakerTest,171,204,0,2292,1829,1371,22%,50%,29%,0.22470274205289978,0.5028665028665029,0.28625,0.7979930191972077,0.5981675392670157,0.7495899398578458,198,6,3.0%
class,AbstractConcurrentInitializerTest,252,294,0,3363,2366,1264,35%,91%,61%,0.3480537615639728,0.9072833369353793,0.6071625344352617,0.7035385072851621,0.375854891465953,0.5342349957734573,288,6,2.1%
class,TimedSemaphoreTest,1670,2098,0,17804,13266,9701,29%,59%,31%,0.2921145799806888,0.5892019632794038,0.31044542169199285,0.7451134576499663,0.5448775556054819,0.7312679029096939,2088,10,0.5%
class,EventCountCircuitBreakerTest,1382,1735,0,14569,11085,8370,27%,54%,28%,0.27161456303110626,0.5404769170408474,0.2791056283731688,0.7608621044683918,0.5745075159585421,0.7550744248985115,1707,28,1.6%
class,CallableBackgroundInitializerTest,226,263,0,2654,2078,1369,24%,64%,41%,0.24344885883347422,0.6388267462092966,0.41137220771685523,0.7829691032403918,0.515825169555388,0.6588065447545717,263,0,0%
class,ConstantInitializerTest,344,411,0,3260,2460,1718,28%,62%,36%,0.27972027972027974,0.6195259140216954,0.35519387266634755,0.754601226993865,0.5269938650306748,0.6983739837398374,405,6,1.5%
class,BasicThreadFactoryTest,1239,1578,0,10314,8144,6844,24%,40%,17%,0.23512839960992524,0.404476046159226,0.17347211102215104,0.7896063602869886,0.6635640876478572,0.8403732809430255,1576,2,0.1%
class,AtomicInitializerTest,40,45,0,536,402,276,29%,64%,37%,0.2857142857142857,0.6403940886699507,0.37168141592920356,0.75,0.5149253731343284,0.6865671641791045,45,0,0%
class,BackgroundInitializerTest,887,1098,0,9953,7390,5484,30%,58%,30%,0.2955659343827481,0.5789985100732008,0.2961006680130496,0.7424897015975083,0.5509896513613985,0.742083897158322,1086,12,1.1%
class,AtomicSafeInitializerTest,105,115,0,1754,1393,771,23%,78%,57%,0.2294248490625993,0.7786138613861386,0.5748613678373382,0.7941847206385405,0.4395667046750285,0.5534816941852118,115,0,0%
class,MultiBackgroundInitializerTest,1180,1457,0,15232,11973,7897,24%,63%,41%,0.23958831097224775,0.6342686670413766,0.41026673376950173,0.7860425420168067,0.5184480042016807,0.6595673598930928,1447,10,0.7%
class,ConcurrentUtilsTest,1819,2234,0,19198,14653,10721,27%,57%,31%,0.26852973324274027,0.5666633243089676,0.3099235437849768,0.7632565892280446,0.5584435878737368,0.7316590459291613,2234,0,0%
class,CharEncodingTest,282,373,0,2996,2102,2023,35%,39%,3.8%,0.3507257748136524,0.3877266387726639,0.038303030303030304,0.7016021361815754,0.6752336448598131,0.9624167459562322,370,3,0.8%
class,CharSequenceUtilsTest,866,1167,0,6533,4117,4088,45%,46%,0.7%,0.4537089201877934,0.4604086244233123,0.007068860450944546,0.6301852135313026,0.6257462115414052,0.9929560359485062,1146,21,1.8%
class,HashSetvBitSetTest,883,1062,0,5310,3720,3600,35%,38%,3.3%,0.3521594684385382,0.3838383838383838,0.03278688524590164,0.7005649717514124,0.6779661016949152,0.967741935483871,1004,58,5.6%
class,CharUtilsPerfRun,464,591,0,4911,3579,2286,31%,73%,44%,0.3137809187279152,0.7294706127553147,0.440920716112532,0.7287721441661577,0.4654856444715944,0.6387259010896899,581,10,1.7%
class,ThreadUtilsTest,1655,2199,0,13403,10396,10335,25%,26%,0.6%,0.2526996932644229,0.25848849945235486,0.005884906661521393,0.7756472431545176,0.7710960232783706,0.9941323585994614,2191,8,0.4%
class,ArrayUtilsTest,26475,36147,0,166969,122441,121251,31%,32%,1.0%,0.30771569745343974,0.31724377211852056,0.009766426472760699,0.7333157652019238,0.7261886937096108,0.9902810333140043,35811,336,0.9%
class,MutableObjectTest,464,591,0,2846,2230,2194,24%,26%,1.6%,0.24271079590228525,0.25873015873015875,0.0162748643761302,0.7835558678847505,0.7709065354884048,0.9838565022421525,591,0,0%
class,MutableBooleanTest,568,761,0,3973,3144,3095,23%,25%,1.6%,0.23296332724462554,0.2484436898698359,0.015707645456002565,0.7913415554996225,0.7790083060659452,0.9844147582697201,760,1,0.1%
class,MutableDoubleTest,1228,1639,0,8414,6504,6467,26%,26%,0.6%,0.2560664968494436,0.26167596263691956,0.005705034307300902,0.7729973853101972,0.7685999524601854,0.9943111931119312,1638,1,0.06%
class,MutableByteTest,1301,1752,0,8008,6151,6116,26%,27%,0.6%,0.26230666007486403,0.26791277258566976,0.005706366674818619,0.7681068931068931,0.7637362637362637,0.9943098683140953,1751,1,0.06%
class,MutableShortTest,1281,1732,0,8087,6183,6147,27%,27%,0.6%,0.26685353889278207,0.2725867640859913,0.00583941605839416,0.7645604055892172,0.7601088166192654,0.9941775836972343,1731,1,0.06%
class,MutableLongTest,1215,1625,0,7779,5948,5913,27%,27%,0.6%,0.26677351205653094,0.27256792287467135,0.005901694629457888,0.7646227021468055,0.7601234091785577,0.9941156691324815,1564,61,3.8%
class,MutableFloatTest,1225,1635,0,8280,6379,6343,26%,26%,0.6%,0.2593628487618528,0.2649251179648499,0.0056594875019651,0.7704106280193237,0.7660628019323672,0.9943564822072425,1634,1,0.06%
class,MutableIntTest,1214,1624,0,7992,6014,5816,28%,32%,3.3%,0.2824503784092532,0.31517960602549244,0.03347421808960271,0.7525025025025025,0.7277277277277278,0.9670768207515796,1623,1,0.06%
class,StringUtilsTest,17763,25467,0,140219,107688,106761,26%,27%,0.9%,0.26244519114022596,0.2709369179690663,0.00864541219590672,0.767998630713384,0.7613875437708156,0.991391798529084,25390,77,0.3%
class,ContextedExceptionTest,454,584,0,3650,3029,2988,19%,20%,1.4%,0.18595598143434647,0.19945766797228082,0.013628053847432275,0.8298630136986301,0.8186301369863014,0.9864641795972268,584,0,0%
class,ExceptionUtilsTest,2921,3917,0,24856,18705,18308,28%,30%,2.1%,0.28240857647896056,0.30340098230006485,0.021451922297571122,0.7525345992919215,0.736562600579337,0.9787757284148624,3897,20,0.5%
class,AbstractExceptionContextTest,794,1114,0,6598,5503,5445,18%,19%,1.1%,0.18097677877861335,0.19148052810761437,0.010595542564852027,0.8340406183692027,0.8252500757805395,0.9894602943848809,1114,0,0%
class,ContextedRuntimeExceptionTest,465,595,0,3897,3169,3121,21%,22%,1.5%,0.20605717520520803,0.22114562553434028,0.015262321144674086,0.813189633051065,0.8008724659994868,0.9848532660145156,594,1,0.2%
class,DefaultExceptionContextTest,47,56,0,514,420,374,20%,32%,12%,0.2012847965738758,0.3153153153153153,0.11586901763224182,0.8171206225680934,0.7276264591439688,0.8904761904761904,56,0,0%
class,BooleanUtilsTest,4286,5891,-80,36949,25207,25145,38%,38%,0.2%,0.3778235407683892,0.3801977646793571,0.0024626628535112808,0.6822106146309779,0.6805326260521259,0.9975403657714127,5897,-6,--0.1%
class,StringUtilsStartsEndsWithTest,1027,1483,0,10720,8505,8257,23%,26%,3.0%,0.2304291287386216,0.2595773831480213,0.029590740961699082,0.7933768656716418,0.7702425373134328,0.9708406819517931,1483,0,0%
class,StringUtilsContainsTest,2623,3653,0,21222,16946,15488,22%,31%,9.0%,0.2240620415007336,0.31239444293108143,0.0899056545600296,0.7985109791725568,0.7298086890962209,0.9139619969314292,3649,4,0.1%
class,SerializationUtilsTest,1761,2184,0,13444,9650,9582,33%,34%,0.7%,0.32857019139170346,0.33544688612872403,0.007071547420965058,0.7177923237131806,0.7127343052662898,0.9929533678756477,2176,8,0.4%
class,ClassNotFoundSerialization,31,35,0,302,267,267,12%,12%,0%,0.12302284710017575,0.12302284710017575,0.0,0.8841059602649006,0.8841059602649006,1.0,35,0,0%
class,StringEscapeUtilsTest,2455,3233,0,26707,19556,18187,31%,38%,7.3%,0.3091455374705488,0.3795607430837083,0.07254325305354635,0.7322424832440934,0.6809825139476542,0.9299959091838822,3225,8,0.2%
class,StringUtilsSubstringTest,1900,2838,0,14499,11316,11154,25%,26%,1.4%,0.2466008134805346,0.26078821190504037,0.014419225634178905,0.7804676184564453,0.7692944340989034,0.9856839872746553,2838,0,0%
class,StringUtilsEqualsIndexOfTest,5598,8205,0,39129,31434,30947,22%,23%,1.6%,0.21810297181242294,0.23351789485701238,0.015613728539138519,0.8033427892356053,0.7908967773262797,0.9845072214799262,8211,-6,--0.07%
class,JavaVersionTest,170,247,0,1474,1159,1098,24%,29%,5.4%,0.23927079377136345,0.29237947122861585,0.05405405405405406,0.7862957937584804,0.7449118046132972,0.9473684210526315,247,0,0%
class,ArrayUtilsRemoveMultipleTest,10332,14672,0,58076,46896,46840,21%,21%,0.1%,0.21300918340128797,0.21419039993899883,0.0011948450968677989,0.8074936290378125,0.8065293753013293,0.998805868304333,14496,176,1.2%
class,CharSetTest,2769,3813,0,18347,13337,13280,32%,32%,0.4%,0.3162479484913521,0.3204224238783318,0.004282977044745839,0.726930833378754,0.723824058429171,0.995726175301792,3811,2,0.05%
class,ConversionTest,13489,21102,0,99401,70012,67210,35%,39%,4.1%,0.3469509423716008,0.3864210646355883,0.040838932532684266,0.704338990553415,0.6761501393346143,0.9599782894360966,21004,98,0.5%
class,TypeUtilsTest,5385,7115,0,36174,28093,28073,25%,25%,0.07%,0.2514820981218977,0.25218298130652017,7.121746252181035E-4,0.7766075081550284,0.7760546248686903,0.99928807888086,7097,18,0.3%
class,AAClass,9,15,0,57,43,43,28%,28%,0%,0.28,0.28,0.0,0.7543859649122807,0.7543859649122807,1.0,15,0,0%
class,AAAClass,15,19,0,100,87,87,14%,14%,0%,0.13903743315508021,0.13903743315508021,0.0,0.87,0.87,1.0,19,0,0%
class,AClass,140,156,0,829,628,628,28%,28%,0%,0.27590940288263555,0.27590940288263555,0.0,0.7575392038600723,0.7575392038600723,1.0,156,0,0%
class,FieldUtilsTest,6668,9202,0,61274,47262,47235,26%,26%,0.06%,0.2582000442249576,0.25876194601369473,5.714467125940506E-4,0.7713222574011815,0.7708816137350263,0.9994287165164403,9202,0,0%
class,GenericParent,23,24,0,171,145,102,16%,51%,35%,0.16455696202531644,0.5054945054945055,0.3481781376518219,0.847953216374269,0.5964912280701754,0.7034482758620689,24,0,0%
class,AnotherParent,4,5,0,41,33,28,22%,38%,16%,0.21621621621621623,0.37681159420289856,0.16393442622950818,0.8048780487804879,0.6829268292682927,0.8484848484848485,5,0,0%
class,PrivatelyShadowedChild,39,41,0,267,192,187,33%,35%,2.6%,0.32679738562091504,0.3524229074889868,0.026385224274406333,0.7191011235955056,0.700374531835206,0.9739583333333334,41,0,0%
class,StaticContainerChild,6,7,0,70,64,59,9.0%,17%,8.1%,0.08955223880597014,0.17054263565891473,0.08130081300813008,0.9142857142857143,0.8428571428571429,0.921875,7,0,0%
class,Grandchild,6,7,0,59,51,46,15%,25%,10%,0.14545454545454545,0.24761904761904763,0.10309278350515463,0.864406779661017,0.7796610169491526,0.9019607843137255,7,0,0%
class,Parent,40,42,0,226,172,167,27%,30%,2.9%,0.271356783919598,0.30025445292620867,0.029498525073746312,0.7610619469026548,0.7389380530973452,0.9709302325581395,38,4,10%
interface,GenericConsumer,12,15,0,62,55,55,12%,12%,0%,0.11965811965811966,0.11965811965811966,0.0,0.8870967741935484,0.8870967741935484,1.0,15,0,0%
class,PubliclyShadowedChild,31,31,0,167,134,129,22%,26%,3.8%,0.21926910299003322,0.25675675675675674,0.03802281368821293,0.8023952095808383,0.7724550898203593,0.9626865671641791,31,0,0%
class,GenericTypeHolder,42,35,0,241,210,176,14%,31%,18%,0.13747228381374724,0.3117505995203837,0.17616580310880828,0.8713692946058091,0.7302904564315352,0.8380952380952381,35,0,0%
@interface,Annotated,17,23,0,116,111,111,4.4%,4.4%,0%,0.04405286343612335,0.04405286343612335,0.0,0.9568965517241379,0.9568965517241379,1.0,23,0,0%
interface,Foo,16,18,0,96,78,73,21%,27%,6.6%,0.20689655172413793,0.27218934911242604,0.06622516556291391,0.8125,0.7604166666666666,0.9358974358974359,17,1,5.7%
class,StringParameterizedChild,25,28,0,256,220,133,15%,63%,49%,0.15126050420168066,0.6323907455012854,0.49291784702549574,0.859375,0.51953125,0.6045454545454545,28,0,0%
class,PublicChild,14,14,0,92,80,75,14%,20%,6.5%,0.13953488372093023,0.20359281437125748,0.06451612903225806,0.8695652173913043,0.8152173913043478,0.9375,14,0,0%
class,StaticContainer,131,128,0,1147,931,801,21%,36%,15%,0.2078922040423484,0.35523613963039014,0.15011547344110854,0.8116826503923278,0.6983435047951178,0.8603651987110634,128,0,0%
class,AnotherChild,6,7,0,62,54,49,14%,23%,9.7%,0.13793103448275862,0.23423423423423423,0.0970873786407767,0.8709677419354839,0.7903225806451613,0.9074074074074074,7,0,0%
class,Ambig,15,17,0,96,74,69,26%,33%,7.0%,0.25882352941176473,0.32727272727272727,0.06993006993006994,0.7708333333333334,0.71875,0.9324324324324325,17,0,0%
interface,Bar,16,18,0,96,78,73,21%,27%,6.6%,0.20689655172413793,0.27218934911242604,0.06622516556291391,0.8125,0.7604166666666666,0.9358974358974359,17,1,5.7%
class,InheritanceUtilsTest,217,285,0,1610,1327,1294,19%,22%,2.5%,0.19271365338781068,0.21763085399449036,0.02518122853872568,0.824223602484472,0.8037267080745342,0.9751318764129616,285,0,0%
class,ConstructorUtilsTest,1332,1699,0,10821,8222,8189,27%,28%,0.4%,0.27296119308932415,0.27690689110994215,0.0040216927670464935,0.7598188707143517,0.7567692449866001,0.9959863780102165,1690,9,0.5%
class,TypeLiteralTest,217,272,0,1169,967,967,19%,19%,0%,0.1891385767790262,0.1891385767790262,0.0,0.8272027373823782,0.8272027373823782,1.0,272,0,0%
class,MethodUtilsTest,4484,5861,0,35552,27213,27185,27%,27%,0.1%,0.2657213415119892,0.2667325501697563,0.0010294496121180925,0.7654421692169217,0.7646545904590459,0.9989710799985301,5846,15,0.3%
class,ClassUtilsTest,9186,12596,0,70140,55608,55548,23%,23%,0.1%,0.23112892451569805,0.23219400420087838,0.0010795638562020944,0.792814371257485,0.7919589392643285,0.9989210185584808,12590,6,0.05%
class,CharUtilsTest,1824,2519,0,12545,9221,9162,31%,31%,0.6%,0.30543048791693467,0.31169668770442716,0.006418974052113366,0.7350338780390594,0.7303308090872858,0.9936015616527492,2481,38,1.5%
class,ArrayUtilsRemoveTest,5318,7291,0,30704,24230,24174,24%,24%,0.2%,0.23570102304583682,0.23798243376216335,0.0023138583588133213,0.789147993746743,0.787324127149557,0.997688815517953,7223,68,0.9%
class,EventUtilsTest,975,1229,0,8374,6352,6336,27%,28%,0.3%,0.27461632486758114,0.2770904146838885,0.0025220680958385876,0.7585383329352758,0.7566276570336756,0.9974811083123426,1203,26,2.1%
class,EventListenerSupportTest,1012,1256,0,9144,6965,6930,27%,28%,0.5%,0.27053200074492517,0.27547592385218367,0.005037783375314861,0.7617016622922135,0.7578740157480315,0.9949748743718593,1253,3,0.2%
class,EnumUtilsTest,3336,4610,0,21848,18013,18008,19%,19%,0.03%,0.19241865482551868,0.19269369731031713,2.776158352072402E-4,0.8244690589527646,0.8242402050530941,0.9997224226947204,4610,0,0%
enum,Traffic,8,9,0,38,29,29,27%,27%,0%,0.26865671641791045,0.26865671641791045,0.0,0.7631578947368421,0.7631578947368421,1.0,9,0,0%
enum,Enum64,130,131,0,351,268,268,27%,27%,0%,0.2681744749596123,0.2681744749596123,0.0,0.7635327635327636,0.7635327635327636,1.0,131,0,0%
enum,TooMany,132,133,0,200,182,182,9.4%,9.4%,0%,0.09424083769633508,0.09424083769633508,0.0,0.91,0.91,1.0,133,0,0%
class,RandomUtilsTest,669,800,0,5670,4263,3547,28%,46%,18%,0.2832980972515856,0.46067050016274275,0.18335467349551857,0.7518518518518519,0.6255731922398589,0.8320431620924231,800,0,0%
class,LocaleUtilsTest,2116,2676,0,21145,13830,12039,42%,55%,14%,0.41829878484631877,0.5488187078109933,0.13846689087324596,0.6540553322298416,0.569354457318515,0.8704989154013015,2664,12,0.4%
class,FastDateParser_TimeZoneStrategyTest,182,248,0,1668,1011,1011,49%,49%,0%,0.49048152295632697,0.49048152295632697,0.0,0.6061151079136691,0.6061151079136691,1.0,234,14,5.8%
class,DateUtilsTest,8773,12231,0,77837,55687,54234,33%,36%,2.6%,0.3317755609478446,0.35742895866617197,0.026437168511931296,0.7154309647083007,0.6967637498875856,0.9739077343006447,12153,78,0.6%
class,FastDatePrinterTest,2103,2728,0,15188,11828,11058,25%,31%,6.7%,0.24874148652650283,0.31471462318067517,0.06729004631652538,0.7787727153015539,0.7280747958914933,0.9349002367264119,2692,36,1.3%
class,DateFormatUtilsTest,1211,1645,0,10745,7616,7396,34%,37%,2.9%,0.3408311094166984,0.36921889642246847,0.02930988542499334,0.7087947882736156,0.6883201489064681,0.9711134453781513,1598,47,2.9%
class,FastDatePrinterTimeZonesTest,158,179,0,1050,844,844,22%,22%,0%,0.21752903907074975,0.21752903907074975,0.0,0.8038095238095239,0.8038095238095239,1.0,177,2,1.1%
class,FastDateFormatTest,1555,2020,0,13089,9945,9760,27%,29%,1.9%,0.2729877572284449,0.2913913081535297,0.018776960162395332,0.7597983039193216,0.7456642982657193,0.9813976872800402,2013,7,0.3%
class,DurationFormatUtilsTest,4134,5919,0,31723,22921,22773,32%,33%,0.6%,0.3221579679379255,0.32846447445684085,0.006477874556834596,0.7225356996500961,0.7178703149134698,0.9935430391344182,5785,134,2.3%
class,FastDateParserTest,3707,4791,0,26268,19516,18955,29%,32%,2.9%,0.29495020094356106,0.32341949892753685,0.029164825452938577,0.7429572102938937,0.7216004263742957,0.9712543554006968,4738,53,1.1%
class,DateUtilsFragmentTest,2878,3654,0,23227,17464,17464,28%,28%,0%,0.28325673981961613,0.28325673981961613,0.0,0.751883583760279,0.751883583760279,1.0,3546,108,3.0%
class,FastDateParserSDFTest,934,1304,0,9145,4937,4887,60%,61%,1.0%,0.5976423803437012,0.6068985176738882,0.01017915309446254,0.5398578458173865,0.5343903772553308,0.9898723921409763,1278,26,2.0%
class,FastDateFormat_PrinterTest,36,38,0,347,304,237,13%,38%,25%,0.13210445468509985,0.3767123287671233,0.2476894639556377,0.8760806916426513,0.6829971181556196,0.7796052631578947,38,0,0%
class,StopWatchTest,1029,1336,0,9109,6296,5764,37%,45%,8.8%,0.36520610191496267,0.44980837759698783,0.08822553897180763,0.6911845427599078,0.6327807662751125,0.9155019059720457,1336,0,0%
class,FastDateParser_MoreOrLessTest,512,681,0,3869,3089,3089,22%,22%,0%,0.22420235699913768,0.22420235699913768,0.0,0.7983975187386921,0.7983975187386921,1.0,681,0,0%
class,WeekYearTest,305,434,0,2308,1624,1624,35%,35%,0%,0.34791454730417093,0.34791454730417093,0.0,0.7036395147313691,0.7036395147313691,1.0,434,0,0%
class,DateUtilsRoundingTest,2620,3253,0,33722,26899,21335,23%,45%,23%,0.22510351198429587,0.44997003105872097,0.2307086287680889,0.7976691773916138,0.6326730324417295,0.7931521617904012,3235,18,0.6%
class,FastDateFormat_ParserTest,36,38,0,344,301,234,13%,38%,25%,0.13333333333333333,0.3806228373702422,0.2504672897196262,0.875,0.6802325581395349,0.7774086378737541,38,0,0%
class,CharEncoding,99,97,0,3249,2679,482,19%,148%,139%,0.19230769230769232,1.4832484588582149,1.390066434672572,0.8245614035087719,0.14835333948907356,0.1799178798058977,95,2,2.1%
class,StrTokenizer,2094,2541,0,37176,25972,10440,35%,112%,85%,0.354848926331792,1.122983870967742,0.8531253432934197,0.6986227673768023,0.28082633957391867,0.40197135376559373,2433,108,4.3%
class,StrSubstitutor,2472,2982,0,50654,37297,13117,30%,118%,96%,0.30373730827392525,1.1772435746656003,0.9592573491490459,0.7363090772693174,0.25895289611876654,0.3516904844893691,2839,143,4.9%
class,ExtendedMessageFormat,1555,1991,0,18219,12729,7558,35%,83%,51%,0.35478867778208606,0.8271715094852,0.5097845911174644,0.6986662275646304,0.41484164882814645,0.5937622751198052,1907,84,4.3%
class,WordUtils,983,1270,0,23021,15956,4432,36%,135%,113%,0.36252148703081305,1.3542417950679342,1.130468903276437,0.6931062942530732,0.19251987315928934,0.27776385058912006,1209,61,4.9%
class,StrBuilder,7293,9033,0,106426,74619,31104,35%,110%,82%,0.35137120605374356,1.0953537410019631,0.8231888992934366,0.7011350609813392,0.29225941029447694,0.41683753467615486,8547,486,5.5%
class,CharSequenceTranslator,325,411,0,4550,3176,1495,36%,101%,72%,0.35568211234791614,1.010752688172043,0.7197602226503961,0.6980219780219781,0.32857142857142857,0.47071788413098237,401,10,2.5%
class,EntityArrays,1136,1969,0,24325,8458,6944,97%,111%,20%,0.968001708202422,1.1117080814864562,0.19659784443578757,0.3477081192189106,0.2854676258992806,0.8209978718373138,1969,0,0%
class,UnicodeUnpairedSurrogateRemover,42,46,0,654,428,267,42%,84%,46%,0.4177449168207024,0.8403908794788274,0.4633093525179856,0.654434250764526,0.40825688073394495,0.6238317757009346,37,9,22%
class,AggregateTranslator,86,97,0,1168,938,502,22%,80%,61%,0.2184235517568851,0.7976047904191617,0.6055555555555555,0.803082191780822,0.4297945205479452,0.535181236673774,95,2,2.1%
class,JavaUnicodeEscaper,147,170,0,3221,2479,854,26%,116%,98%,0.26035087719298244,1.161717791411043,0.9750975097509751,0.7696367587705681,0.26513505122632725,0.3444937474788221,170,0,0%
class,OctalUnescaper,205,254,0,2234,1646,882,30%,87%,60%,0.3030927835051546,0.8677792041078306,0.6044303797468354,0.7367949865711728,0.39480752014324083,0.5358444714459295,251,3,1.2%
class,LookupTranslator,269,323,0,2321,1480,1082,44%,73%,31%,0.44251512759800055,0.7281810167499265,0.31069476971116317,0.6376561826798793,0.46617837139164153,0.731081081081081,311,12,3.8%
class,UnicodeEscaper,280,333,0,3994,3035,1361,27%,98%,76%,0.27286954047517425,0.9833800186741363,0.7616014558689718,0.7598898347521282,0.3407611417125688,0.4484349258649094,327,6,1.8%
class,NumericEntityEscaper,218,253,0,3424,2732,1162,22%,99%,81%,0.22482131254061077,0.9864805931094636,0.8063687724704673,0.7978971962616822,0.33936915887850466,0.4253294289897511,249,4,1.6%
class,UnicodeUnescaper,184,237,0,1604,1039,856,43%,61%,19%,0.42754445705637534,0.608130081300813,0.19313984168865436,0.6477556109725686,0.5336658354114713,0.8238691049085659,229,8,3.4%
class,NumericEntityUnescaper,395,505,0,4116,2588,1736,46%,81%,39%,0.45584725536992843,0.8133971291866029,0.3940795559666975,0.6287657920310982,0.4217687074829932,0.6707882534775889,441,64,14%
class,CodePointTranslator,71,75,0,1088,919,390,17%,94%,81%,0.1684105630293971,0.9445196211096076,0.8082505729564553,0.8446691176470589,0.3584558823529412,0.4243743199129489,69,6,8.3%
class,StrLookup,245,267,0,5476,3885,1033,34%,137%,116%,0.33992094861660077,1.365186664618221,1.1598210654737697,0.7094594594594594,0.18864134404674945,0.2658944658944659,252,15,5.8%
class,CompositeFormat,157,152,0,2748,2141,752,25%,114%,96%,0.2483125383514011,1.1405714285714286,0.9602488765986865,0.7791120815138283,0.27365356622998543,0.3512377393741242,152,0,0%
class,StrMatcher,746,851,0,14271,10478,3576,31%,120%,98%,0.3065174350478807,1.1985207597915617,0.9822114700441156,0.734216242730012,0.25057809543830145,0.3412865050582172,796,55,6.7%
interface,FormatFactory,21,18,0,581,452,93,25%,145%,132%,0.24975798644724104,1.4480712166172107,1.3174311926605504,0.7779690189328744,0.16006884681583478,0.20575221238938052,18,0,0%
class,FormattableUtils,322,379,0,5601,4533,1641,21%,109%,94%,0.2107756068679692,1.0936205468102733,0.9368318756073858,0.8093197643277986,0.2929833958221746,0.3620119126406353,373,6,1.6%
class,CharUtils,698,844,0,17963,13042,3163,32%,140%,122%,0.31743267214965326,1.4011171068825143,1.219253316877507,0.7260479875299226,0.17608417302232365,0.24252415273731023,786,58,7.1%
class,NumberUtils,3601,4575,0,56642,35631,13797,46%,122%,88%,0.455409491400518,1.2165135791252004,0.8834668608885652,0.629056177394866,0.24358250061791603,0.3872189946956302,4223,352,8.0%
class,Fraction,2374,2929,0,34173,23096,10898,39%,103%,72%,0.3868410483856886,1.0328148920591955,0.7176560569512267,0.6758552073274222,0.31890673923858015,0.4718565985452026,2741,188,6.6%
class,IEEE754rUtils,516,693,0,7454,5265,2080,34%,113%,87%,0.3442094504284928,1.1273337528844136,0.8672566371681416,0.7063321706466327,0.2790448081566944,0.3950617283950617,625,68,10%
class,StringEscapeUtils,1292,1683,0,30513,22126,7871,32%,118%,95%,0.3186610687893007,1.1797624010004168,0.9504283761709504,0.725133549634582,0.25795562547111067,0.35573533399620355,1644,39,2.3%
class,ArrayUtils,17819,21859,0,316083,232968,73657,30%,124%,104%,0.30275876011518055,1.2440396161543592,1.0391259682022014,0.7370469148926073,0.2330305647567253,0.31616788571821025,20518,1341,6.3%
class,LocaleUtils,961,1251,0,12459,8525,4557,37%,93%,61%,0.37495234464353794,0.9287729196050776,0.6066350710900474,0.6842443213741071,0.36575969178906814,0.5345454545454545,1197,54,4.4%
class,CharSet,552,681,0,8918,6063,2216,38%,120%,93%,0.3811494559775716,1.2038800071851985,0.9293392921850465,0.6798609553711594,0.24848620766988114,0.36549562922645557,660,21,3.1%
class,ObjectUtils,1542,1895,0,37687,26822,6970,34%,138%,117%,0.33685222217054983,1.3756857827440268,1.1749526515151516,0.7117043012179266,0.1849444105394433,0.25986130788158973,1800,95,5.1%
class,RecursiveToStringStyle,140,176,0,2137,1661,765,25%,95%,74%,0.2506582411795682,0.9455547898001379,0.7386644682605111,0.7772578380907814,0.35797847449695835,0.4605659241420831,167,9,5.2%
class,HashCodeBuilder,1425,1717,-2,32326,22367,7054,36%,128%,104%,0.36417823121788895,1.283494159471813,1.0409571394582102,0.6919198168656808,0.21821444038854174,0.3153753297268297,1555,162,9.9%
class,ToStringStyle,5419,6473,0,87808,61801,29547,35%,99%,71%,0.34766625002506535,0.992901878914405,0.7061785698646933,0.7038196975218659,0.3364955357142857,0.47809905988576235,6188,285,4.5%
@interface,HashCodeExclude,14,17,0,287,261,96,9.5%,100%,92%,0.0948905109489051,0.9973890339425587,0.9243697478991597,0.9094076655052264,0.3344947735191638,0.367816091954023,17,0,0%
class,DiffBuilder,2180,2711,0,28765,17912,10494,47%,93%,52%,0.4650256014739593,0.9307929391986551,0.5222840245018658,0.6227011993742395,0.3648183556405354,0.5858642251004913,2513,198,7.6%
interface,Builder,11,13,0,2150,1624,39,28%,193%,191%,0.27874933757286696,1.9287345820009136,1.9061936259771497,0.7553488372093023,0.01813953488372093,0.02401477832512315,13,0,0%
class,IDKey,96,102,0,1554,828,378,61%,122%,75%,0.6095717884130982,1.2173913043478262,0.746268656716418,0.5328185328185329,0.24324324324324326,0.45652173913043476,93,9,9.2%
interface,Diffable,15,15,0,1400,1234,53,13%,185%,184%,0.126044039483675,1.8540949759119063,1.8352758352758354,0.8814285714285715,0.03785714285714286,0.04294975688816856,15,0,0%
@interface,ToStringExclude,14,17,0,235,214,96,9.4%,84%,76%,0.0935412026726058,0.8398791540785498,0.7612903225806451,0.9106382978723404,0.4085106382978723,0.4485981308411215,17,0,0%
class,DiffResult,312,362,0,5423,3930,1519,32%,112%,88%,0.31925585373676896,1.1247479112647651,0.8849330152321527,0.7246911303706436,0.28010326387608336,0.38651399491094146,341,21,6.0%
class,CompareToBuilder,2198,2756,0,36946,26493,8458,33%,125%,103%,0.3295449171645202,1.25486741256277,1.0320162513232811,0.7170735668272614,0.22892870676121907,0.31925414260370666,2558,198,7.5%
class,MultilineRecursiveToStringStyle,654,756,0,5817,4420,3265,27%,56%,30%,0.2729315229071017,0.5619907509359172,0.30058555627846456,0.7598418428743339,0.5612858861956335,0.7386877828054299,747,9,1.2%
class,ReflectionToStringBuilder,965,1171,0,23992,17740,5329,30%,127%,108%,0.29962618614013226,1.2730125166263089,1.075989423035242,0.7394131377125709,0.22211570523507837,0.3003945885005637,1111,60,5.3%
class,Diff,140,157,0,2220,1580,674,34%,107%,80%,0.3368421052631579,1.0684174153420871,0.8039041703637977,0.7117117117117117,0.3036036036036036,0.42658227848101266,157,0,0%
class,StandardToStringStyle,585,685,0,17165,10368,4030,49%,124%,88%,0.493734790978099,1.239443264920972,0.8804000555632727,0.6040198077483251,0.2347800757355083,0.388695987654321,681,4,0.6%
class,ToStringBuilder,1668,1933,0,35723,26507,8211,30%,125%,105%,0.29619154748513576,1.2524240906814768,1.0539777636960654,0.742014948352602,0.22985191613246367,0.30976723129739314,1917,16,0.8%
@interface,EqualsExclude,14,17,0,281,255,94,9.7%,100%,92%,0.09701492537313433,0.9973333333333333,0.9226361031518625,0.9074733096085409,0.33451957295373663,0.3686274509803922,17,0,0%
class,EqualsBuilder,2227,2793,0,32487,21904,8849,39%,114%,85%,0.38914526300307034,1.143700406425392,0.849022859558417,0.6742389263397667,0.2723858774278942,0.40399013878743606,2492,301,11%
class,RandomStringUtils,813,1023,0,17333,13221,3951,27%,126%,108%,0.2691627937422269,1.2574704003006953,1.079664570230608,0.7627646685513183,0.22794669128252468,0.2988427501701838,974,49,4.9%
class,StringUtils,14442,18202,0,352746,249476,61220,34%,141%,121%,0.3429632261856923,1.4084538343728712,1.2118340757525041,0.7072397702596203,0.173552641277293,0.24539434655036957,16941,1261,7.2%
class,CharSequenceUtils,523,657,0,7991,4856,2186,49%,114%,76%,0.4880516852183389,1.1408077036454751,0.7583072990627663,0.6076836440996121,0.27355775247153047,0.45016474464579903,609,48,7.6%
class,ClassPathUtils,174,222,0,5327,4524,1265,16%,123%,113%,0.1630291340980611,1.2324029126213591,1.1259284850578684,0.8492584944621738,0.2374694950253426,0.27961980548187443,218,4,1.8%
class,Pair,313,387,0,5364,4049,1252,28%,124%,106%,0.27940082864124083,1.2430471584038694,1.0552725900773439,0.7548471290082028,0.23340790454884414,0.3092121511484317,384,3,0.8%
class,ImmutableTriple,175,168,0,2435,1860,573,27%,124%,106%,0.26775320139697323,1.238031914893617,1.057953144266338,0.7638603696098563,0.2353182751540041,0.30806451612903224,164,4,2.4%
class,Triple,318,408,0,4918,3741,1284,27%,117%,98%,0.27185587250259846,1.1718800386971944,0.9779104477611941,0.7606750711671411,0.261081740544937,0.34322373696872494,407,1,0.2%
class,ImmutablePair,147,143,0,2416,1854,533,26%,128%,111%,0.26323185011709604,1.277043065445914,1.106828655215752,0.7673841059602649,0.22061258278145696,0.28748651564185546,139,4,2.8%
class,MutablePair,194,192,0,2535,1832,655,32%,118%,95%,0.32196015571330433,1.1786833855799372,0.9465219139525533,0.7226824457593688,0.2583826429980276,0.35753275109170307,184,8,4.3%
class,MutableTriple,228,222,0,2818,2056,735,31%,117%,95%,0.3126795240049241,1.1725302561215873,0.9466141168040129,0.7295954577714692,0.2608232789212207,0.35749027237354086,214,8,3.7%
class,EnumUtils,894,1037,0,13080,10591,3962,21%,107%,91%,0.2102995226226184,1.0700621992723858,0.911014911014911,0.8097094801223241,0.3029051987767584,0.37409120951751484,1025,12,1.2%
class,Conversion,4862,6000,0,60901,44475,19847,31%,102%,77%,0.3117597935013665,1.0168425224154158,0.765772208575604,0.7302835749823484,0.32588955846373624,0.44625070264193367,5691,309,5.3%
class,SerializationUtils,635,793,0,12374,8732,3531,35%,111%,85%,0.3451151331374964,1.1119773656082992,0.8482426812362391,0.7056731857119767,0.2853563924357524,0.4043747136967476,773,20,2.6%
class,Validate,3353,4027,0,88549,69354,18135,24%,132%,117%,0.2431239431803069,1.3200479922012673,1.1708671947330522,0.7832273656393636,0.204801861116444,0.26148455748767196,3885,142,3.6%
class,EventCountCircuitBreaker,817,924,0,22290,18133,5161,21%,125%,111%,0.20567498701234446,1.2479691085934939,1.1137632008242466,0.8135038133692238,0.23153880663974877,0.2846192025588706,898,26,2.9%
class,ConcurrentException,57,69,0,1666,1397,374,18%,127%,116%,0.17564479268690825,1.2666666666666666,1.15527950310559,0.8385354141656662,0.22448979591836735,0.2677165354330709,65,4,6.0%
class,ThresholdCircuitBreaker,139,157,0,2658,2026,712,27%,115%,96%,0.2698548249359522,1.1548961424332345,0.9598246895544192,0.7622272385252069,0.26787057938299474,0.351431391905232,149,8,5.2%
class,LazyInitializer,72,80,0,3882,3192,342,20%,168%,161%,0.19508057675996607,1.6761363636363635,1.6129032258064515,0.8222565687789799,0.08809891808346214,0.10714285714285714,76,4,5.1%
class,ConcurrentRuntimeException,58,70,0,1804,1519,410,17%,126%,115%,0.17153174842010233,1.2592592592592593,1.1498185588387766,0.8420177383592018,0.22727272727272727,0.26991441737985516,66,4,5.9%
interface,CircuitBreaker,34,40,0,3173,2764,162,14%,181%,178%,0.13778002358093314,1.8056971514242879,1.7785372522214626,0.8710999054522534,0.0510557831705011,0.05861070911722142,40,0,0%
class,CallableBackgroundInitializer,110,117,0,3995,3367,549,17%,152%,144%,0.17060581363759847,1.516725352112676,1.439223697650664,0.8428035043804756,0.1374217772215269,0.16305316305316306,115,2,1.7%
class,AbstractCircuitBreaker,242,270,0,3900,2937,1304,28%,100%,77%,0.28170250109697237,0.9976940814757879,0.7701013911813251,0.7530769230769231,0.3343589743589744,0.44399046646237655,267,3,1.1%
class,ConcurrentUtils,607,687,0,14237,11019,2778,25%,135%,119%,0.2548305353183402,1.3469291801351748,1.1946075233746467,0.7739692350916626,0.19512537753740256,0.25210999183228966,666,21,3.1%
class,CircuitBreakingException,59,69,0,1340,1077,384,22%,111%,95%,0.21762515515101366,1.1090487238979119,0.9486652977412731,0.8037313432835821,0.2865671641791045,0.3565459610027855,65,4,6.0%
class,MultiBackgroundInitializer,554,641,0,13979,11021,2962,24%,130%,115%,0.23664,1.3006316038014285,1.1526854037044982,0.7883968810358395,0.21188926246512627,0.26875964068596314,623,18,2.8%
interface,ConcurrentInitializer,13,15,0,1425,1262,77,12%,179%,177%,0.12132489765537774,1.7949400798934754,1.7699775952203136,0.8856140350877193,0.05403508771929825,0.061014263074484945,15,0,0%
class,BackgroundInitializer,349,404,0,12243,9773,2030,22%,143%,131%,0.22438226744186046,1.4310936733692987,1.3120393120393121,0.7982520624030058,0.16580903373356204,0.20771513353115728,391,13,3.3%
class,BasicThreadFactory,521,562,0,13076,10266,2890,24%,128%,112%,0.24076771484877046,1.2759614180132781,1.121313469139556,0.7851024778219639,0.2210156011012542,0.28151178647964153,541,21,3.8%
class,AtomicInitializer,83,97,0,3892,3341,401,15%,163%,157%,0.1523572514862436,1.6263685068716516,1.5713522180652058,0.8584275436793423,0.10303186022610483,0.12002394492666867,95,2,2.1%
class,AtomicSafeInitializer,103,114,0,3125,2686,507,15%,144%,136%,0.15109275511960077,1.4416299559471366,1.3648606326338866,0.85952,0.16224,0.18875651526433357,110,4,3.6%
class,TimedSemaphore,472,542,0,15025,12045,2622,22%,141%,128%,0.22016992981159955,1.4056780189267297,1.2849253426058498,0.8016638935108154,0.17450915141430948,0.21768368617683687,527,15,2.8%
class,ConstantInitializer,170,201,0,3660,2919,851,23%,125%,110%,0.22526219790241678,1.245400133008202,1.097082228116711,0.7975409836065573,0.23251366120218578,0.29153819801301817,197,4,2.0%
enum,JavaVersion,398,542,0,5454,3743,1775,37%,102%,71%,0.3720778514733065,1.0178447918107623,0.7133019209858644,0.6862852951961863,0.32544921158782547,0.4742185412770505,502,40,7.7%
interface,Mutable,19,20,0,1022,827,65,21%,176%,171%,0.21092482422931313,1.7608095676172952,1.7085201793721974,0.8091976516634051,0.06360078277886497,0.07859733978234583,20,0,0%
class,MutableDouble,555,619,-2,12632,9323,2490,30%,134%,116%,0.3014347529036666,1.3413569633646343,1.156861085245069,0.7380462317922736,0.19711842938568713,0.2670814115628017,599,20,3.3%
class,MutableBoolean,280,318,0,5262,3574,1290,38%,121%,94%,0.38207333635129015,1.2124542124542124,0.9391447368421053,0.6792094260737362,0.2451539338654504,0.3609401231113598,294,24,7.8%
class,MutableShort,519,571,0,10978,8018,2286,31%,131%,111%,0.3116445567487892,1.310615199034982,1.1125776397515528,0.7303698305702314,0.20823465112042266,0.2851085058618109,544,27,4.8%
class,MutableInt,508,559,0,10672,7756,2175,32%,132%,112%,0.3164749294551769,1.3227990970654628,1.1239552915114288,0.7267616191904048,0.20380434782608695,0.2804280556988138,532,27,4.9%
class,MutableObject,180,207,0,2867,1924,736,39%,118%,89%,0.3936547693592152,1.1829031362753262,0.8932330827067669,0.6710847575863271,0.25671433554237877,0.38253638253638256,191,16,8.0%
class,MutableByte,519,571,0,10899,7939,2241,31%,132%,112%,0.31425841384435715,1.3178082191780822,1.119449901768173,0.7284154509588036,0.2056151940545004,0.28227736490741906,544,27,4.8%
class,MutableLong,518,573,-2,10711,7789,2218,32%,131%,111%,0.3158918918918919,1.3137907030706164,1.1134206055760967,0.727196340210998,0.2070768368966483,0.2847605597637694,546,27,4.8%
class,MutableFloat,540,601,0,12557,9246,2390,30%,136%,118%,0.30371967160482505,1.3604067705894158,1.1784118253695428,0.7363223699928327,0.190332085689257,0.25849015790612156,581,20,3.4%
class,BitField,348,397,0,9645,7598,1539,24%,145%,133%,0.23742968160992867,1.4495708154506437,1.3262558826748385,0.7877656817003629,0.15956454121306377,0.2025533035009213,395,2,0.5%
class,SerializationException,63,73,0,1615,1269,382,24%,123%,107%,0.23994452149791956,1.2348522784176263,1.0745003028467595,0.7857585139318886,0.23653250773993809,0.30102442868400314,69,4,5.6%
class,ClassUtils,3562,4479,0,52351,38265,16768,31%,103%,78%,0.3108943232983138,1.0296155905033348,0.7812403467010702,0.730931596340089,0.3202995167236538,0.43820723899124525,4133,346,8.0%
class,Range,941,1110,0,16867,12667,4293,28%,119%,99%,0.2844179589625516,1.188468809073724,0.9875,0.7509930633781942,0.25452066164700304,0.3389121338912134,1006,104,9.8%
class,ContextedRuntimeException,315,342,0,7996,6441,1929,22%,122%,108%,0.2154187157996814,1.2225692695214105,1.0781362007168458,0.8055277638819409,0.2412456228114057,0.29948765719608755,336,6,1.8%
class,ContextedException,315,342,0,7879,6325,1866,22%,123%,109%,0.21881160236553085,1.2340687532067727,1.0887559516542547,0.8027668485848458,0.23683208529001143,0.2950197628458498,336,6,1.8%
class,CloneFailedException,56,63,0,1200,814,338,38%,112%,83%,0.3833167825223436,1.1209362808842653,0.8263888888888888,0.6783333333333333,0.2816666666666667,0.4152334152334152,63,0,0%
class,DefaultExceptionContext,499,592,0,4232,2944,2236,36%,62%,27%,0.358974358974359,0.6171923314780458,0.27335907335907333,0.6956521739130435,0.5283553875236295,0.7595108695652174,569,23,4.0%
interface,ExceptionContext,81,69,0,2871,2391,371,18%,154%,146%,0.18244013683010263,1.5422578655151142,1.4627081824764663,0.832810867293626,0.12922326715430163,0.15516520284399832,69,0,0%
class,ExceptionUtils,1551,1846,0,32872,24711,7701,28%,124%,105%,0.28345171317923695,1.2407758854410569,1.049611255090707,0.7517339985397907,0.2342723290338282,0.3116425883209907,1756,90,5.0%
class,SystemUtils,1572,1623,0,56475,42710,10326,28%,138%,122%,0.277562131370671,1.3816859029056452,1.2212082359152274,0.7562638335546702,0.18284196547144754,0.24177007726527744,1591,32,2.0%
class,ThreadUtils,959,1141,0,18652,14451,5494,25%,109%,90%,0.25381385372926923,1.0898699577569784,0.8981699674103786,0.7747694617199228,0.2945528629637572,0.3801813023320185,1081,60,5.4%
class,AnnotationUtils,1217,1620,-6,12790,9130,5503,33%,80%,50%,0.33394160583941607,0.7966981905646969,0.4957288320918472,0.7138389366692729,0.4302580140734949,0.6027382256297918,1429,191,13%
class,NotImplementedException,155,167,0,3312,2666,784,22%,123%,109%,0.21612579458012712,1.234375,1.0910144927536232,0.8049516908212561,0.23671497584541062,0.2940735183795949,167,0,0%
class,CharSetUtils,521,669,0,8856,5887,2093,40%,124%,95%,0.40276741504442787,1.2353639601790118,0.9508771929824561,0.664747064137308,0.23633694670280037,0.3555291319857313,614,55,8.6%
class,MethodUtils,2199,2716,0,37397,28137,12321,28%,101%,78%,0.282601397747734,1.008729232873406,0.7818478422067329,0.7523865550712624,0.329464930342006,0.4378931655826847,2637,79,3.0%
class,TypeUtils,5422,6712,0,68630,44442,27580,43%,85%,47%,0.4278335927550587,0.8533416484772892,0.46824581377912305,0.6475593763660207,0.4018650735829812,0.620584132127267,6433,279,4.2%
class,InheritanceUtils,97,126,0,1412,1071,373,27%,116%,97%,0.27466774063632704,1.1641456582633054,0.9667590027700831,0.7584985835694051,0.26416430594900847,0.34827264239028943,116,10,8.3%
class,MemberUtils,1017,1248,0,12013,8540,5021,34%,82%,52%,0.3379555296063835,0.8209463426088999,0.5189882752009439,0.7108965287605095,0.4179638724714892,0.5879391100702576,1202,46,3.8%
class,FieldUtils,1779,2095,0,35752,25127,9894,35%,113%,87%,0.34905303963599926,1.1329798887087588,0.869935181748094,0.7028138285970016,0.27673976281047213,0.39375970072034067,2061,34,1.6%
class,ConstructorUtils,614,745,0,13006,10055,3293,26%,119%,101%,0.25592992498157063,1.1918522608749003,1.0131854959544502,0.773104720898047,0.2531908349992311,0.3274987568373943,721,24,3.3%
interface,Typed,11,13,0,227,172,42,28%,138%,121%,0.2756892230576441,1.3754646840148699,1.2149532710280373,0.7577092511013216,0.18502202643171806,0.2441860465116279,13,0,0%
class,TypeLiteral,187,226,0,3292,2718,913,19%,113%,99%,0.19101497504159734,1.1315101070154578,0.994216469292206,0.8256379100850547,0.2773390036452005,0.3359087564385578,223,3,1.3%
class,CharRange,708,825,0,10191,6653,2931,42%,111%,78%,0.4200902398480171,1.106538637402835,0.7767111853088481,0.6528309292513002,0.2876067118045334,0.4405531339245453,770,55,6.9%
class,RandomUtils,321,408,0,6428,4694,2140,31%,100%,75%,0.31181442186657077,1.0009337068160598,0.7474392742171495,0.7302426882389546,0.3329184816428127,0.455901150404772,380,28,7.1%
class,BooleanUtils,1844,2299,0,41682,29308,9007,35%,129%,106%,0.3486124806310748,1.2892343506480697,1.0596894166775415,0.7031332469651168,0.21608847943956624,0.3073222328374505,2146,153,6.9%
class,EventListenerSupport,573,659,0,11436,8543,3357,29%,109%,87%,0.2896040842885029,1.0922733725410667,0.8715966386554622,0.747026932493879,0.2935466946484785,0.3929532950953997,651,8,1.2%
class,EventUtils,348,428,0,4777,3707,2129,25%,77%,54%,0.2522395096652522,0.7668693889371561,0.5407813570939,0.7760100481473728,0.4456772032656479,0.574318856217966,421,7,1.6%
class,CalendarReflection,210,267,0,2722,1916,1118,35%,84%,53%,0.3475636050021561,0.8354166666666667,0.5260382333553065,0.7038941954445261,0.41072740631888316,0.5835073068893528,254,13,5.0%
class,FastDateFormat,1116,1202,0,23073,17562,5787,27%,120%,101%,0.27124400147655964,1.197920997920998,1.0086085057175895,0.7611493953972175,0.25081263814848526,0.32951827810044415,1201,1,0.08%
class,StopWatch,702,851,0,14278,10392,3846,32%,115%,92%,0.3150385083096879,1.1511807548002648,0.9195111672987779,0.7278330298361115,0.2693654573469674,0.37009237875288686,819,32,3.8%
interface,DatePrinter,156,132,0,5205,4156,595,22%,159%,150%,0.22412135455613716,1.589655172413793,1.499052830982951,0.7984630163304515,0.1143131604226705,0.1431665062560154,132,0,0%
class,FastDateParser,3139,3708,0,34392,22896,15873,40%,74%,36%,0.401340594888982,0.7368546702476872,0.36229977559390236,0.6657362177250523,0.4615317515701326,0.6932651991614256,3592,116,3.2%
class,FormatCache,612,718,0,10085,6735,3064,40%,107%,75%,0.3983353151010702,1.0679139098030268,0.7492601285845495,0.6678235002478929,0.3038175508180466,0.45493689680772087,682,36,5.1%
class,DateFormatUtils,711,731,0,14517,11806,4022,21%,113%,98%,0.20597956160012157,1.1322077781973137,0.9835734142026787,0.8132534270166012,0.2770544878418406,0.3406742334406234,727,4,0.5%
class,DurationFormatUtils,2051,2603,0,26104,16803,9723,43%,91%,53%,0.4335423124431911,0.9144499958132135,0.5338158787604614,0.6436944529574011,0.37247165185412195,0.5786466702374576,2527,76,3.0%
class,FastDatePrinter,4209,4887,0,48692,29698,19659,48%,85%,41%,0.48460262788621,0.8495267077292212,0.40679133658852845,0.6099153865111312,0.403741887784441,0.6619637686039463,4664,223,4.7%
class,DateUtils,3531,4262,0,80217,58810,17167,31%,129%,110%,0.30795456997561627,1.29487390125688,1.096200165839662,0.7331363676028771,0.2140070059962352,0.2919061384118347,4132,130,3.1%
interface,DateParser,83,71,0,3947,3210,354,21%,167%,160%,0.2059522146150622,1.6707742385491746,1.6026936026936027,0.8132759057512035,0.0896883709146187,0.1102803738317757,71,0,0%
